{"cameraMode":{"drawMode":0,"name":"Shaded","section":"Shading Mode"},"sceneLighting":false,"audioPlay":false,"sceneViewState":{"m_AlwaysRefresh":false,"showFog":true,"showSkybox":false,"showFlares":true,"showImageEffects":true,"showParticleSystems":true,"showVisualEffectGraphs":true,"m_FxEnabled":true},"in2DMode":false,"pivot":{"x":7.017499923706055,"y":1.5419000387191773,"z":6.911406517028809},"rotation":{"x":0.25390979647636416,"y":0.026106730103492738,"z":-0.006860171910375357,"w":0.9668729901313782},"size":2.6533291339874269,"orthographic":false}